-- Clean, repeatable test data for OOAS JavaFX/JDBC.
-- Password for all seeded accounts: warehouse123
-- Run manually when you want to reset test data:
-- docker exec -i ooas-postgres psql -U postgres -d ooas < db/migration/V2__seed_test_data.sql

TRUNCATE TABLE
    shipment_trackings,
    purchase_order_items,
    purchase_orders,
    order_request_items,
    order_requests,
    site_inventories,
    sites,
    skus,
    users
RESTART IDENTITY CASCADE;

DO $$
DECLARE
    test_password VARCHAR(255) := '$2a$10$jVd5r043RZUEBzPs1l0uHuMu5IEmxfL7k4jUDQxvaQK3cePbPXvEq';
BEGIN
    INSERT INTO users (id, email, password, full_name, employee_id, role, status, created_at, updated_at)
    VALUES
        ('10000000-0000-0000-0000-000000000000', 'admin.test@ooas.local', test_password, 'OOAS Admin', 'TEST-ADMIN', 'ADMIN', 'APPROVED', NOW(), NOW()),
        ('10000000-0000-0000-0000-000000000001', 'sales.test@ooas.local', test_password, 'Sales User', 'TEST-SALES', 'SALES', 'APPROVED', NOW(), NOW()),
        ('10000000-0000-0000-0000-000000000002', 'overseas.test@ooas.local', test_password, 'Overseas User', 'TEST-OVERSEAS', 'OVERSEAS_ORDER', 'APPROVED', NOW(), NOW()),
        ('10000000-0000-0000-0000-000000000003', 'warehouse.test@ooas.local', test_password, 'Warehouse User', 'TEST-WAREHOUSE', 'WAREHOUSE', 'APPROVED', NOW(), NOW()),
        ('10000000-0000-0000-0000-000000000004', 'supplier.test@ooas.local', test_password, 'Supplier User', 'TEST-SUPPLIER', 'SUPPLIER', 'APPROVED', NOW(), NOW());

    INSERT INTO skus (id, code, name, unit, description, created_at, updated_at)
    VALUES
        ('20000000-0000-0000-0000-000000000001', 'MONITOR-27', 'Man hinh 27 inch', 'cai', 'Man hinh lam viec QHD', NOW(), NOW()),
        ('20000000-0000-0000-0000-000000000002', 'MOUSE-WL', 'Chuot khong day', 'cai', 'Chuot khong day van phong', NOW(), NOW()),
        ('20000000-0000-0000-0000-000000000003', 'KEYBOARD-MECH', 'Ban phim co', 'cai', 'Ban phim co USB', NOW(), NOW()),
        ('20000000-0000-0000-0000-000000000004', 'HEADSET-USB', 'Tai nghe USB', 'cai', 'Tai nghe hop truc tuyen', NOW(), NOW());

    INSERT INTO sites (id, code, name, country, sea_lead_time, air_lead_time, active, created_at, updated_at)
    VALUES
        ('30000000-0000-0000-0000-000000000001', 'HKG-FAST', 'Chuyen phat nhanh Hong Kong', 'Hong Kong', 8, 2, TRUE, NOW(), NOW()),
        ('30000000-0000-0000-0000-000000000002', 'SG-HUB', 'Singapore Regional Hub', 'Singapore', 10, 3, TRUE, NOW(), NOW());

    INSERT INTO site_inventories (id, site_id, sku_id, quantity, created_at, updated_at)
    VALUES
        ('40000000-0000-0000-0000-000000000001', '30000000-0000-0000-0000-000000000001', '20000000-0000-0000-0000-000000000001', 80, NOW(), NOW()),
        ('40000000-0000-0000-0000-000000000002', '30000000-0000-0000-0000-000000000001', '20000000-0000-0000-0000-000000000002', 120, NOW(), NOW()),
        ('40000000-0000-0000-0000-000000000003', '30000000-0000-0000-0000-000000000002', '20000000-0000-0000-0000-000000000003', 60, NOW(), NOW()),
        ('40000000-0000-0000-0000-000000000004', '30000000-0000-0000-0000-000000000002', '20000000-0000-0000-0000-000000000004', 70, NOW(), NOW());

    INSERT INTO order_requests (id, code, expected_date, notes, status, cancel_reason, created_by_id, processed_by_id, created_at, updated_at)
    VALUES
        ('50000000-0000-0000-0000-000000000001', 'YC-2026-001', CURRENT_DATE + 5, 'Don cho xac nhan nhap kho', 'ORDERED', NULL, '10000000-0000-0000-0000-000000000001', '10000000-0000-0000-0000-000000000002', NOW() - INTERVAL '4 days', NOW()),
        ('50000000-0000-0000-0000-000000000002', 'YC-2026-002', CURRENT_DATE + 3, 'Don da den kho', 'ORDERED', NULL, '10000000-0000-0000-0000-000000000001', '10000000-0000-0000-0000-000000000002', NOW() - INTERVAL '3 days', NOW()),
        ('50000000-0000-0000-0000-000000000003', 'YC-2026-003', CURRENT_DATE - 2, 'Don da nhap kho khop', 'ORDERED', NULL, '10000000-0000-0000-0000-000000000001', '10000000-0000-0000-0000-000000000002', NOW() - INTERVAL '8 days', NOW()),
        ('50000000-0000-0000-0000-000000000004', 'YC-2026-004', CURRENT_DATE - 1, 'Don co chenhlech de test trang thai', 'ORDERED', NULL, '10000000-0000-0000-0000-000000000001', '10000000-0000-0000-0000-000000000002', NOW() - INTERVAL '7 days', NOW()),
        ('50000000-0000-0000-0000-000000000005', 'YC-2026-005', CURRENT_DATE + 4, 'Don dang giao them', 'ORDERED', NULL, '10000000-0000-0000-0000-000000000001', '10000000-0000-0000-0000-000000000002', NOW() - INTERVAL '5 days', NOW()),
        ('50000000-0000-0000-0000-000000000006', 'YC-2026-006', CURRENT_DATE + 1, 'Don sap den kho', 'ORDERED', NULL, '10000000-0000-0000-0000-000000000001', '10000000-0000-0000-0000-000000000002', NOW() - INTERVAL '6 days', NOW()),
        ('50000000-0000-0000-0000-000000000007', 'YC-2026-007', CURRENT_DATE, 'Don da den kho can xac nhan', 'ORDERED', NULL, '10000000-0000-0000-0000-000000000001', '10000000-0000-0000-0000-000000000002', NOW() - INTERVAL '6 days', NOW()),
        ('50000000-0000-0000-0000-000000000008', 'YC-2026-008', CURRENT_DATE - 3, 'Don da nhap kho khop', 'ORDERED', NULL, '10000000-0000-0000-0000-000000000001', '10000000-0000-0000-0000-000000000002', NOW() - INTERVAL '9 days', NOW()),
        ('50000000-0000-0000-0000-000000000009', 'YC-2026-009', CURRENT_DATE - 4, 'Don thua hang de test chenhlech', 'ORDERED', NULL, '10000000-0000-0000-0000-000000000001', '10000000-0000-0000-0000-000000000002', NOW() - INTERVAL '10 days', NOW()),
        ('50000000-0000-0000-0000-000000000010', 'YC-2026-010', CURRENT_DATE - 5, 'Don thieu hang de test chenhlech', 'ORDERED', NULL, '10000000-0000-0000-0000-000000000001', '10000000-0000-0000-0000-000000000002', NOW() - INTERVAL '11 days', NOW());

    INSERT INTO order_request_items (id, request_id, sku_id, quantity, expected_date, created_at, updated_at)
    VALUES
        ('60000000-0000-0000-0000-000000000001', '50000000-0000-0000-0000-000000000001', '20000000-0000-0000-0000-000000000001', 12, CURRENT_DATE + 5, NOW(), NOW()),
        ('60000000-0000-0000-0000-000000000002', '50000000-0000-0000-0000-000000000001', '20000000-0000-0000-0000-000000000002', 24, CURRENT_DATE + 5, NOW(), NOW()),
        ('60000000-0000-0000-0000-000000000003', '50000000-0000-0000-0000-000000000002', '20000000-0000-0000-0000-000000000003', 15, CURRENT_DATE + 3, NOW(), NOW()),
        ('60000000-0000-0000-0000-000000000004', '50000000-0000-0000-0000-000000000002', '20000000-0000-0000-0000-000000000004', 20, CURRENT_DATE + 3, NOW(), NOW()),
        ('60000000-0000-0000-0000-000000000005', '50000000-0000-0000-0000-000000000003', '20000000-0000-0000-0000-000000000001', 8, CURRENT_DATE - 2, NOW(), NOW()),
        ('60000000-0000-0000-0000-000000000006', '50000000-0000-0000-0000-000000000004', '20000000-0000-0000-0000-000000000002', 18, CURRENT_DATE - 1, NOW(), NOW()),
        ('60000000-0000-0000-0000-000000000007', '50000000-0000-0000-0000-000000000005', '20000000-0000-0000-0000-000000000003', 10, CURRENT_DATE + 4, NOW(), NOW()),
        ('60000000-0000-0000-0000-000000000008', '50000000-0000-0000-0000-000000000006', '20000000-0000-0000-0000-000000000004', 14, CURRENT_DATE + 1, NOW(), NOW()),
        ('60000000-0000-0000-0000-000000000009', '50000000-0000-0000-0000-000000000007', '20000000-0000-0000-0000-000000000001', 16, CURRENT_DATE, NOW(), NOW()),
        ('60000000-0000-0000-0000-000000000010', '50000000-0000-0000-0000-000000000008', '20000000-0000-0000-0000-000000000003', 9, CURRENT_DATE - 3, NOW(), NOW()),
        ('60000000-0000-0000-0000-000000000011', '50000000-0000-0000-0000-000000000009', '20000000-0000-0000-0000-000000000004', 11, CURRENT_DATE - 4, NOW(), NOW()),
        ('60000000-0000-0000-0000-000000000012', '50000000-0000-0000-0000-000000000010', '20000000-0000-0000-0000-000000000001', 13, CURRENT_DATE - 5, NOW(), NOW());

    INSERT INTO purchase_orders (id, code, request_id, site_id, created_by_id, transport_method, status, expected_arrival_date, actual_arrival_date, cancel_reason, created_at, updated_at)
    VALUES
        ('70000000-0000-0000-0000-000000000001', 'DH-2026-001', '50000000-0000-0000-0000-000000000001', '30000000-0000-0000-0000-000000000001', '10000000-0000-0000-0000-000000000002', 'AIR', 'SHIPPING', CURRENT_DATE + 2, NULL, NULL, NOW() - INTERVAL '3 days', NOW()),
        ('70000000-0000-0000-0000-000000000002', 'DH-2026-002', '50000000-0000-0000-0000-000000000002', '30000000-0000-0000-0000-000000000002', '10000000-0000-0000-0000-000000000002', 'SEA', 'ARRIVED', CURRENT_DATE, CURRENT_DATE, NULL, NOW() - INTERVAL '4 days', NOW()),
        ('70000000-0000-0000-0000-000000000003', 'DH-2026-003', '50000000-0000-0000-0000-000000000003', '30000000-0000-0000-0000-000000000001', '10000000-0000-0000-0000-000000000002', 'AIR', 'COMPLETED', CURRENT_DATE - 2, CURRENT_DATE - 2, NULL, NOW() - INTERVAL '8 days', NOW()),
        ('70000000-0000-0000-0000-000000000004', 'DH-2026-004', '50000000-0000-0000-0000-000000000004', '30000000-0000-0000-0000-000000000001', '10000000-0000-0000-0000-000000000002', 'AIR', 'NEEDS_ACTION', CURRENT_DATE - 1, CURRENT_DATE - 1, NULL, NOW() - INTERVAL '7 days', NOW()),
        ('70000000-0000-0000-0000-000000000005', 'DH-2026-005', '50000000-0000-0000-0000-000000000005', '30000000-0000-0000-0000-000000000002', '10000000-0000-0000-0000-000000000002', 'SEA', 'SHIPPING', CURRENT_DATE + 4, NULL, NULL, NOW() - INTERVAL '5 days', NOW()),
        ('70000000-0000-0000-0000-000000000006', 'DH-2026-006', '50000000-0000-0000-0000-000000000006', '30000000-0000-0000-0000-000000000001', '10000000-0000-0000-0000-000000000002', 'AIR', 'SHIPPING', CURRENT_DATE + 1, NULL, NULL, NOW() - INTERVAL '6 days', NOW()),
        ('70000000-0000-0000-0000-000000000007', 'DH-2026-007', '50000000-0000-0000-0000-000000000007', '30000000-0000-0000-0000-000000000002', '10000000-0000-0000-0000-000000000002', 'SEA', 'ARRIVED', CURRENT_DATE, CURRENT_DATE, NULL, NOW() - INTERVAL '6 days', NOW()),
        ('70000000-0000-0000-0000-000000000008', 'DH-2026-008', '50000000-0000-0000-0000-000000000008', '30000000-0000-0000-0000-000000000002', '10000000-0000-0000-0000-000000000002', 'SEA', 'COMPLETED', CURRENT_DATE - 3, CURRENT_DATE - 3, NULL, NOW() - INTERVAL '9 days', NOW()),
        ('70000000-0000-0000-0000-000000000009', 'DH-2026-009', '50000000-0000-0000-0000-000000000009', '30000000-0000-0000-0000-000000000002', '10000000-0000-0000-0000-000000000002', 'AIR', 'NEEDS_ACTION', CURRENT_DATE - 4, CURRENT_DATE - 4, NULL, NOW() - INTERVAL '10 days', NOW()),
        ('70000000-0000-0000-0000-000000000010', 'DH-2026-010', '50000000-0000-0000-0000-000000000010', '30000000-0000-0000-0000-000000000001', '10000000-0000-0000-0000-000000000002', 'AIR', 'NEEDS_ACTION', CURRENT_DATE - 5, CURRENT_DATE - 5, NULL, NOW() - INTERVAL '11 days', NOW());

    INSERT INTO purchase_order_items (id, purchase_order_id, sku_id, quantity_ordered, quantity_received, difference, notes, created_at, updated_at)
    VALUES
        ('80000000-0000-0000-0000-000000000001', '70000000-0000-0000-0000-000000000001', '20000000-0000-0000-0000-000000000001', 12, 0, 0, NULL, NOW(), NOW()),
        ('80000000-0000-0000-0000-000000000002', '70000000-0000-0000-0000-000000000001', '20000000-0000-0000-0000-000000000002', 24, 0, 0, NULL, NOW(), NOW()),
        ('80000000-0000-0000-0000-000000000003', '70000000-0000-0000-0000-000000000002', '20000000-0000-0000-0000-000000000003', 15, 0, 0, NULL, NOW(), NOW()),
        ('80000000-0000-0000-0000-000000000004', '70000000-0000-0000-0000-000000000002', '20000000-0000-0000-0000-000000000004', 20, 0, 0, NULL, NOW(), NOW()),
        ('80000000-0000-0000-0000-000000000005', '70000000-0000-0000-0000-000000000003', '20000000-0000-0000-0000-000000000001', 8, 8, 0, 'Kiem ke: So luong khop; Ghi chu kiem ke=Hang dat yeu cau', NOW(), NOW()),
        ('80000000-0000-0000-0000-000000000006', '70000000-0000-0000-0000-000000000004', '20000000-0000-0000-0000-000000000002', 18, 16, -2, 'Kiem ke: So luong thieu 2; Ghi chu kiem ke=Thieu hang khi doi chieu', NOW(), NOW()),
        ('80000000-0000-0000-0000-000000000007', '70000000-0000-0000-0000-000000000005', '20000000-0000-0000-0000-000000000003', 10, 0, 0, NULL, NOW(), NOW()),
        ('80000000-0000-0000-0000-000000000008', '70000000-0000-0000-0000-000000000006', '20000000-0000-0000-0000-000000000004', 14, 0, 0, NULL, NOW(), NOW()),
        ('80000000-0000-0000-0000-000000000009', '70000000-0000-0000-0000-000000000007', '20000000-0000-0000-0000-000000000001', 16, 0, 0, NULL, NOW(), NOW()),
        ('80000000-0000-0000-0000-000000000010', '70000000-0000-0000-0000-000000000008', '20000000-0000-0000-0000-000000000003', 9, 9, 0, 'Kiem ke: So luong khop; Ghi chu kiem ke=Hang dat yeu cau', NOW(), NOW()),
        ('80000000-0000-0000-0000-000000000011', '70000000-0000-0000-0000-000000000009', '20000000-0000-0000-0000-000000000004', 11, 12, 1, 'Kiem ke: So luong thua 1; Ghi chu kiem ke=Site giao thua hang', NOW(), NOW()),
        ('80000000-0000-0000-0000-000000000012', '70000000-0000-0000-0000-000000000010', '20000000-0000-0000-0000-000000000001', 13, 10, -3, 'Kiem ke: So luong thieu 3; Ghi chu kiem ke=Thieu hang khi doi chieu', NOW(), NOW());

    INSERT INTO shipment_trackings (id, purchase_order_id, status, location, notes, evidence_file_url, updated_by_id, timestamp, created_at, updated_at)
    VALUES
        ('90000000-0000-0000-0000-000000000001', '70000000-0000-0000-0000-000000000001', 'SHIPPING', 'San bay Hong Kong', 'Hang dang giao toi kho', NULL, '10000000-0000-0000-0000-000000000004', NOW() - INTERVAL '1 day', NOW(), NOW()),
        ('90000000-0000-0000-0000-000000000002', '70000000-0000-0000-0000-000000000002', 'ARRIVED', 'Kho dich', 'Hang da den kho, cho xac nhan nhap kho', NULL, '10000000-0000-0000-0000-000000000003', NOW() - INTERVAL '2 hours', NOW(), NOW()),
        ('90000000-0000-0000-0000-000000000003', '70000000-0000-0000-0000-000000000003', 'COMPLETED', 'Kho dich', 'Da xac nhan nhap kho', NULL, '10000000-0000-0000-0000-000000000003', NOW() - INTERVAL '2 days', NOW(), NOW()),
        ('90000000-0000-0000-0000-000000000004', '70000000-0000-0000-0000-000000000004', 'NEEDS_ACTION', 'Kho dich', 'Da ghi nhan chenhlech khi nhap kho', NULL, '10000000-0000-0000-0000-000000000003', NOW() - INTERVAL '1 day', NOW(), NOW()),
        ('90000000-0000-0000-0000-000000000005', '70000000-0000-0000-0000-000000000005', 'SHIPPING', 'Cang Singapore', 'Hang dang van chuyen', NULL, '10000000-0000-0000-0000-000000000004', NOW() - INTERVAL '2 days', NOW(), NOW()),
        ('90000000-0000-0000-0000-000000000006', '70000000-0000-0000-0000-000000000006', 'SHIPPING', 'San bay Hong Kong', 'Hang sap den kho', NULL, '10000000-0000-0000-0000-000000000004', NOW() - INTERVAL '12 hours', NOW(), NOW()),
        ('90000000-0000-0000-0000-000000000007', '70000000-0000-0000-0000-000000000007', 'ARRIVED', 'Kho dich', 'Hang da den kho, cho xac nhan', NULL, '10000000-0000-0000-0000-000000000003', NOW() - INTERVAL '3 hours', NOW(), NOW()),
        ('90000000-0000-0000-0000-000000000008', '70000000-0000-0000-0000-000000000008', 'COMPLETED', 'Kho dich', 'Da xac nhan nhap kho', NULL, '10000000-0000-0000-0000-000000000003', NOW() - INTERVAL '3 days', NOW(), NOW()),
        ('90000000-0000-0000-0000-000000000009', '70000000-0000-0000-0000-000000000009', 'NEEDS_ACTION', 'Kho dich', 'Da ghi nhan thua hang', NULL, '10000000-0000-0000-0000-000000000003', NOW() - INTERVAL '4 days', NOW(), NOW()),
        ('90000000-0000-0000-0000-000000000010', '70000000-0000-0000-0000-000000000010', 'NEEDS_ACTION', 'Kho dich', 'Da ghi nhan thieu hang', NULL, '10000000-0000-0000-0000-000000000003', NOW() - INTERVAL '5 days', NOW(), NOW());
END $$;
