INSERT INTO users (id, email, password, full_name, employee_id, role, status, created_at, updated_at)
VALUES
    ('00000000-0000-0000-0000-000000000001', 'admin@ooas.com', '$2b$10$gc5ha5TJGtnyVL3F220cnOopIq21yEKm/5jZEM4pVfEeuxMSvAE/u', 'Quan tri vien', 'EMP-ADMIN-001', 'ADMIN', 'APPROVED', CURRENT_TIMESTAMP, CURRENT_TIMESTAMP),
    ('00000000-0000-0000-0000-000000000002', 'sales1@ooas.com', '$2b$10$D87N.XOi7hCZnFOrhp81mu3oN15jRRB2Bn2dzOR61U.bMNMFrgclK', 'Nguyen Van Ban', 'EMP-SALES-001', 'SALES', 'APPROVED', CURRENT_TIMESTAMP, CURRENT_TIMESTAMP),
    ('00000000-0000-0000-0000-000000000003', 'overseas1@ooas.com', '$2b$10$D87N.XOi7hCZnFOrhp81mu3oN15jRRB2Bn2dzOR61U.bMNMFrgclK', 'Tran Dat Hang', 'EMP-OVS-001', 'OVERSEAS_ORDER', 'APPROVED', CURRENT_TIMESTAMP, CURRENT_TIMESTAMP),
    ('00000000-0000-0000-0000-000000000004', 'warehouse1@ooas.com', '$2b$10$D87N.XOi7hCZnFOrhp81mu3oN15jRRB2Bn2dzOR61U.bMNMFrgclK', 'Le Quan Kho', 'EMP-WH-001', 'WAREHOUSE', 'APPROVED', CURRENT_TIMESTAMP, CURRENT_TIMESTAMP)
ON CONFLICT (email) DO NOTHING;

INSERT INTO skus (id, code, name, unit, description, created_at, updated_at)
VALUES
    ('10000000-0000-0000-0000-000000000001', 'SKU-1001', 'Linh kien dong co A1', 'Cai', NULL, CURRENT_TIMESTAMP, CURRENT_TIMESTAMP),
    ('10000000-0000-0000-0000-000000000002', 'SKU-1002', 'Bang mach dien tu B2', 'Cai', NULL, CURRENT_TIMESTAMP, CURRENT_TIMESTAMP),
    ('10000000-0000-0000-0000-000000000003', 'SKU-1003', 'Ong thep khong gi C3', 'Thung', NULL, CURRENT_TIMESTAMP, CURRENT_TIMESTAMP),
    ('10000000-0000-0000-0000-000000000004', 'SKU-1004', 'Chat ban dan D4', 'Hop', NULL, CURRENT_TIMESTAMP, CURRENT_TIMESTAMP),
    ('10000000-0000-0000-0000-000000000005', 'SKU-1005', 'Vong bi cong nghiep E5', 'Cai', NULL, CURRENT_TIMESTAMP, CURRENT_TIMESTAMP)
ON CONFLICT (code) DO NOTHING;

INSERT INTO sites (id, code, name, country, sea_lead_time, air_lead_time, active, created_at, updated_at)
VALUES
    ('20000000-0000-0000-0000-000000000001', 'SITE-JP', 'Tokyo Electronics', 'Japan', 12, 3, TRUE, CURRENT_TIMESTAMP, CURRENT_TIMESTAMP),
    ('20000000-0000-0000-0000-000000000002', 'SITE-KR', 'Seoul Components', 'Korea', 10, 2, TRUE, CURRENT_TIMESTAMP, CURRENT_TIMESTAMP),
    ('20000000-0000-0000-0000-000000000003', 'SITE-CN', 'Shenzhen Industrial', 'China', 7, 2, TRUE, CURRENT_TIMESTAMP, CURRENT_TIMESTAMP),
    ('20000000-0000-0000-0000-000000000004', 'SITE-US', 'Texas Manufacturing', 'United States', 25, 5, TRUE, CURRENT_TIMESTAMP, CURRENT_TIMESTAMP)
ON CONFLICT (code) DO NOTHING;

INSERT INTO site_inventories (id, site_id, sku_id, quantity, created_at, updated_at)
VALUES
    ('30000000-0000-0000-0000-000000000001', '20000000-0000-0000-0000-000000000001', '10000000-0000-0000-0000-000000000001', 500, CURRENT_TIMESTAMP, CURRENT_TIMESTAMP),
    ('30000000-0000-0000-0000-000000000002', '20000000-0000-0000-0000-000000000001', '10000000-0000-0000-0000-000000000002', 300, CURRENT_TIMESTAMP, CURRENT_TIMESTAMP),
    ('30000000-0000-0000-0000-000000000003', '20000000-0000-0000-0000-000000000002', '10000000-0000-0000-0000-000000000002', 450, CURRENT_TIMESTAMP, CURRENT_TIMESTAMP),
    ('30000000-0000-0000-0000-000000000004', '20000000-0000-0000-0000-000000000002', '10000000-0000-0000-0000-000000000003', 600, CURRENT_TIMESTAMP, CURRENT_TIMESTAMP),
    ('30000000-0000-0000-0000-000000000005', '20000000-0000-0000-0000-000000000003', '10000000-0000-0000-0000-000000000001', 1200, CURRENT_TIMESTAMP, CURRENT_TIMESTAMP),
    ('30000000-0000-0000-0000-000000000006', '20000000-0000-0000-0000-000000000003', '10000000-0000-0000-0000-000000000004', 700, CURRENT_TIMESTAMP, CURRENT_TIMESTAMP),
    ('30000000-0000-0000-0000-000000000007', '20000000-0000-0000-0000-000000000004', '10000000-0000-0000-0000-000000000005', 180, CURRENT_TIMESTAMP, CURRENT_TIMESTAMP)
ON CONFLICT (site_id, sku_id) DO UPDATE
SET quantity = EXCLUDED.quantity,
    updated_at = CURRENT_TIMESTAMP;
